{
	"format_version": "1.8.0",
	"animations": {
		"animation.swirlix.ground_idle": {
			"loop": true,
			"animation_length": 2,
			"bones": {
				"head": {
					"position": {
						"0.0": [0, 0, 0],
						"0.3333": [0, -0.3, 0],
						"0.5": [0, -0.4, 0],
						"1.0": [0, 0, 0],
						"1.3333": [0, -0.3, 0],
						"1.5": [0, -0.4, 0],
						"2.0": [0, 0, 0]
					}
				},
				"ear_l": {
					"rotation": {
						"0.0": [0, 0, 0],
						"0.5": [0, 0, 5],
						"1.0": [0, 0, 0],
						"1.5": [0, 0, 5],
						"2.0": [0, 0, 0]
					}
				},
				"ear_r": {
					"rotation": {
						"0.0": [0, 0, 0],
						"0.5": [0, 0, -5],
						"1.0": [0, 0, 0],
						"1.5": [0, 0, -5],
						"2.0": [0, 0, 0]
					}
				},
				"tail": {
					"rotation": {
						"0.0": [0, 0, 0],
						"0.5": [-5.17544, 14.94159, -1.3378],
						"1.0": [-10, 0, 0],
						"1.5": [-5.17544, -14.94159, 1.3378],
						"2.0": [0, 0, 0]
					}
				},
				"tail2": {
					"rotation": {
						"0.0": [0, 0, 0],
						"0.5": [17.5, 0, 0],
						"1.0": [0, 0, 0],
						"1.5": [17.5, 0, 0],
						"2.0": [0, 0, 0]
					}
				}
			}
		},
		"animation.swirlix.ground_walk": {
			"loop": true,
			"animation_length": 1,
			"bones": {
				"head": {
					"position": {
						"0.0": [0, 0, 0],
						"0.25": [0, 0.5, 0],
						"0.5": [0, 0, 0],
						"0.75": [0, 0.5, 0],
						"1.0": [0, 0, 0]
					}
				},
				"foot_l": {
					"rotation": {
						"0.0": [0, 0, 0],
						"0.25": [30, 0, 0],
						"0.75": [-30, 0, 0],
						"0.9583": [0, 0, 0]
					}
				},
				"foot_r": {
					"rotation": {
						"0.0": [0, 0, 0],
						"0.25": [-30, 0, 0],
						"0.75": [30, 0, 0],
						"0.9583": [0, 0, 0]
					}
				},
				"ear_l": {
					"rotation": {
						"0.0": [0, 0, 0],
						"0.25": [0, 0, 15],
						"0.5": [0, 0, 0],
						"0.75": [0, 0, 15],
						"1.0": [0, 0, 0]
					}
				},
				"ear_r": {
					"rotation": {
						"0.0": [0, 0, 0],
						"0.25": [0, 0, -15],
						"0.5": [0, 0, 0],
						"0.75": [0, 0, -15],
						"1.0": [0, 0, 0]
					}
				},
				"tail": {
					"rotation": {
						"0.0": [0, 0, 0],
						"0.25": [18.07779, -14.2906, -4.60659],
						"0.5": [0, 0, 0],
						"0.75": [18.07779, 14.2906, 4.60659],
						"1.0": [0, 0, 0]
					}
				},
				"tail2": {
					"rotation": {
						"0.0": [0, 0, 0],
						"0.25": [12.5, 0, 0],
						"0.5": [0, 0, 0],
						"0.75": [12.5, 0, 0],
						"1.0": [0, 0, 0]
					}
				}
			}
		},
		"animation.swirlix.air_idle": {
			"loop": true,
			"animation_length": 1.5,
			"bones": {
				"ear_l": {
					"rotation": {
						"0.0": [0, 0, 0],
						"0.75": [0, 0, 5],
						"1.5": [0, 0, 0]
					}
				},
				"ear_r": {
					"rotation": {
						"0.0": [0, 0, 0],
						"0.75": [0, 0, -5],
						"1.5": [0, 0, 0]
					}
				},
				"foot_l": {
					"position": [-2, 3, 0]
				},
				"foot_r": {
					"position": [1, 4, 0]
				},
				"tail": {
					"rotation": {
						"0.0": [-37.5, 0, 0],
						"0.5": [-57.5, 0, 0],
						"0.75": [-60, 0, 0],
						"1.0": [-57.5, 0, 0],
						"1.5": [-37.5, 0, 0]
					},
					"position": [0, 0, -6]
				},
				"tail2": {
					"rotation": {
						"0.0": [0, 0, 0],
						"0.5": [7.5, 0, 0],
						"0.75": [2.5, 0, 0],
						"1.0": [7.5, 0, 0],
						"1.5": [0, 0, 0]
					}
				},
				"head": {
					"position": {
						"0.0": [0, 0, 0],
						"0.75": [0, 1, 0],
						"1.5": [0, 0, 0]
					}
				},
				"body": {
					"position": {
						"0.0": [0, 0, 0],
						"0.75": [0, 1, 0],
						"1.5": [0, 0, 0]
					}
				}
			}
		},
		"animation.swirlix.air_fly": {
			"loop": true,
			"animation_length": 1,
			"bones": {
				"ear_l": {
					"rotation": {
						"0.0": [0, 0, 0],
						"0.25": [0, 0, 12.5],
						"0.5": [0, 0, 0],
						"0.75": [0, 0, 12.5],
						"1.0": [0, 0, 0]
					}
				},
				"ear_r": {
					"rotation": {
						"0.0": [0, 0, 0],
						"0.25": [0, 0, -12.5],
						"0.5": [0, 0, 0],
						"0.75": [0, 0, -12.5],
						"1.0": [0, 0, 0]
					}
				},
				"foot_l": {
					"position": {
						"0.0": [-2, 3, 0],
						"1.0": [-2, 3, 0]
					}
				},
				"foot_r": {
					"position": {
						"0.0": [1, 4, 0],
						"1.0": [1, 4, 0]
					}
				},
				"tail": {
					"rotation": {
						"0.0": [-37.5, 0, 0],
						"0.25": [-47.5, 0, 0],
						"0.5": [-37.5, 0, 0],
						"0.75": [-47.5, 0, 0],
						"1.0": [-37.5, 0, 0]
					},
					"position": {
						"0.0": [0, 0, -6],
						"0.25": [1, 0, -6],
						"0.5": [0, 0, -6],
						"0.75": [-1, 0, -6],
						"1.0": [0, 0, -6]
					}
				},
				"tail2": {
					"rotation": {
						"0.0": [0, 0, 0],
						"1.0": [0, 0, 0]
					}
				},
				"head": {
					"position": {
						"0.0": [0, 0, 0],
						"0.25": [1, 1, 0],
						"0.5": [0, 0, 0],
						"0.75": [-1, 1, 0],
						"1.0": [0, 0, 0]
					}
				}
			}
		}
	}
}