{
	"format_version": "1.8.0",
	"animations": {
		"animation.vanilluxe.ground_walk": {
			"loop": true,
			"animation_length": 4,
			"bones": {
				"body": {
					"rotation": {
						"0.0": [0, 0, 0],
						"1.0": {
							"pre": [0, 0, -5],
							"post": [0, 0, -5],
							"lerp_mode": "catmullrom"
						},
						"2.0": [0, 0, 0],
						"3.0": {
							"pre": [0, 0, 5],
							"post": [0, 0, 5],
							"lerp_mode": "catmullrom"
						},
						"4.0": [0, 0, 0]
					},
					"position": {
						"0.0": [0, 1, 0],
						"0.5": [-2, 2, 0],
						"1.0": [-4, 0, 0],
						"1.5": [-2, 2, 0],
						"2.0": [0, 1, 0],
						"2.5": [2, 2, 0],
						"3.0": [4, 0, 0],
						"3.5": [2, 2, 0],
						"4.0": [0, 1, 0]
					}
				},
				"left_spike": {
					"rotation": {
						"0.0": [0, 0, 0],
						"0.5": [12.5, 0, 0],
						"1.0": [12.54624, -4.88119, -1.08482],
						"2.0": [0.04624, -4.88119, -1.08482],
						"3.0": [10.00943, 0.04252, -0.21368],
						"4.0": [0, 0, 0]
					}
				},
				"left_head": {
					"position": [0, 0, 0]
				},
				"sorbet": {
					"rotation": {
						"0.0": [0, 0, 0],
						"1.0": {
							"pre": [12.78356, -9.39129, -3.45118],
							"post": [12.78356, -9.39129, -3.45118],
							"lerp_mode": "catmullrom"
						},
						"2.0": [0, 0, 0],
						"3.0": [-10, 12.5, 0],
						"4.0": [0, 0, 0]
					},
					"position": [0, 0, 0]
				},
				"left_hat": {
					"rotation": {
						"0.0": [0, 0, 0],
						"1.0": [0, 0, -5],
						"2.0": [0, 0, 0],
						"3.0": [0, 0, 5],
						"4.0": [0, 0, 0]
					}
				},
				"left_tophat": {
					"rotation": {
						"0.0": [0, 0, 0],
						"1.0": [0, 0, -2.5],
						"2.0": [0, 0, 2.5],
						"3.0": [0, 0, 5],
						"4.0": [0, 0, 0]
					}
				},
				"right_spike": {
					"rotation": {
						"0.0": [0, 0, 0],
						"0.5": [12.5, 0, 0],
						"1.0": [12.60443, 7.32123, 1.63219],
						"2.0": [0.10443, 7.32123, 1.63219],
						"3.0": [7.54854, 2.36483, 0.97079],
						"4.0": [0, 0, 0]
					}
				},
				"right_hat": {
					"rotation": {
						"0.0": [0, 0, 0],
						"1.0": [0, 0, -5],
						"2.0": [0, 0, 0],
						"3.0": [0, 0, 5],
						"4.0": [0, 0, 0]
					}
				},
				"right_tophat": {
					"rotation": {
						"0.0": [0, 0, 0],
						"1.0": [0, 0, -2.5],
						"2.0": [0, 0, 2.5],
						"3.0": [0, 0, 7.5],
						"4.0": [0, 0, 0]
					}
				}
			}
		},
		"animation.vanilluxe.ground_idle": {
			"loop": true,
			"animation_length": 2,
			"bones": {
				"body": {
					"position": {
						"0.0": {
							"post": [0, 0, 0],
							"lerp_mode": "catmullrom"
						},
						"1.0": [0, 2, 0],
						"2.0": [0, 0, 0]
					}
				},
				"lower_cone": {
					"rotation": {
						"0.0": [0, 0, -2.5],
						"1.0": {
							"pre": [0, 0, 2.5],
							"post": [0, 0, 2.5],
							"lerp_mode": "catmullrom"
						},
						"2.0": [0, 0, -2.5]
					}
				},
				"up_cone_left": {
					"rotation": {
						"0.0": [-2.5, 0, 0],
						"1.0": {
							"pre": [0, 0, 0],
							"post": [0, 0, 0],
							"lerp_mode": "catmullrom"
						},
						"2.0": [-2.5, 0, 0]
					}
				},
				"up_cone_right": {
					"rotation": {
						"0.0": [0, 0, 0],
						"1.0": {
							"pre": [-2.5, 0, 0],
							"post": [-2.5, 0, 0],
							"lerp_mode": "catmullrom"
						},
						"2.0": [0, 0, 0]
					}
				},
				"left_spike": {
					"rotation": {
						"0.0": [4.98107, -0.43523, 4.98107],
						"1.0": [-2.50473, 0.21782, -2.4905],
						"2.0": [4.98107, -0.43523, 4.98107]
					}
				},
				"sorbet": {
					"rotation": {
						"0.0": [0, 0, 0],
						"1.0": {
							"pre": [-5, 0, 0],
							"post": [-5, 0, 0],
							"lerp_mode": "catmullrom"
						},
						"2.0": [0, 0, 0]
					},
					"position": [0, 0, 0]
				},
				"left_hat": {
					"rotation": {
						"0.0": [0, 0, 0],
						"1.0": [-2.5, 0, 0],
						"2.0": [0, 0, 0]
					}
				},
				"left_tophat": {
					"rotation": {
						"0.0": [0, 0, 0],
						"1.0": [-5, 0, 0],
						"2.0": [0, 0, 0]
					}
				},
				"right_spike": {
					"rotation": {
						"0.0": [4.98107, 0.43523, -4.98107],
						"1.0": [-2.44065, 0.7602, 2.51231],
						"2.0": [4.98107, 0.43523, -4.98107]
					}
				},
				"right_hat": {
					"rotation": {
						"0.0": [0, 0, 0],
						"1.0": [-2.5, 0, 0],
						"2.0": [0, 0, 0]
					}
				},
				"right_tophat": {
					"rotation": {
						"0.0": [0, 0, 0],
						"1.0": [-5, 0, 0],
						"2.0": [0, 0, 0]
					}
				}
			}
		},
		"animation.vanilluxe.sleep": {
			"loop": true,
			"animation_length": 2,
			"bones": {
				"body": {
					"position": {
						"0.0": [0, 0, 0],
						"1.0": {
							"pre": [0, -0.5, 0],
							"post": [0, -0.5, 0],
							"lerp_mode": "catmullrom"
						},
						"2.0": [0, 0, 0]
					}
				},
				"lower_cone": {
					"rotation": {
						"0.0": [-2.5, 0, 0],
						"1.0": [-5, 0, 0],
						"2.0": [-2.5, 0, 0]
					}
				},
				"up_cone_left": {
					"position": {
						"0.0": [0, 0, 0],
						"1.25": [0, 0.1, 0],
						"2.0": [0, 0, 0]
					}
				},
				"up_cone_right": {
					"position": {
						"0.0": [0, 0, 0],
						"1.0": [0, 0.1, 0],
						"2.0": [0, 0, 0]
					}
				},
				"ice_cream": {
					"position": {
						"0.0": [0, 0, 0],
						"1.25": [0, -0.25, 0],
						"2.0": [0, 0, 0]
					}
				},
				"left_ice_cream_base": {
					"position": {
						"0.0": [0, 0, 0],
						"1.25": [0, -0.25, 0],
						"2.0": [0, 0, 0]
					}
				},
				"left_spike": {
					"rotation": {
						"0.0": [10, 0, 7.5],
						"1.25": {
							"pre": [25.05502, -2.27579, 13.78227],
							"post": [25.05502, -2.27579, 13.78227],
							"lerp_mode": "catmullrom"
						},
						"2.0": [10, 0, 7.5]
					}
				},
				"left_head": {
					"rotation": {
						"0.0": [2.5, 0, 0],
						"1.25": {
							"pre": [7.5, 0, 0],
							"post": [7.5, 0, 0],
							"lerp_mode": "catmullrom"
						},
						"2.0": [2.5, 0, 0]
					}
				},
				"left_closed_eyes": {
					"position": [0, 0, 2]
				},
				"sorbet": {
					"rotation": {
						"0.0": [0, 0, 0],
						"1.25": {
							"pre": [7.49294, -0.32621, 2.47864],
							"post": [7.49294, -0.32621, 2.47864],
							"lerp_mode": "catmullrom"
						},
						"2.0": {
							"post": [0, 0, 0],
							"lerp_mode": "catmullrom"
						}
					},
					"position": [0, 0, 0]
				},
				"left_hat": {
					"rotation": {
						"0.0": [2.5, 0, 0],
						"1.25": [7.5, 0, 0],
						"2.0": [2.5, 0, 0]
					}
				},
				"left_tophat": {
					"rotation": {
						"0.0": [5, 0, 0],
						"1.25": [10, 0, 0],
						"2.0": [5, 0, 0]
					}
				},
				"right_ice_cream_base": {
					"position": {
						"0.0": [0, 0, 0],
						"1.25": [0, -0.25, 0],
						"2.0": [0, 0, 0]
					}
				},
				"right_spike": {
					"rotation": {
						"0.0": [10, 0, -7.5],
						"1.0": [17.41615, 1.29876, -14.88733],
						"2.0": [10, 0, -7.5]
					}
				},
				"right_head": {
					"rotation": {
						"0.0": [0, 0, 0],
						"1.0": {
							"pre": [2.5, 0, 0],
							"post": [2.5, 0, 0],
							"lerp_mode": "catmullrom"
						},
						"2.0": [0, 0, 0]
					}
				},
				"right_open_eyes": {
					"position": [0, 0, 2]
				},
				"right_blink": {
					"position": [0, 0, 1]
				},
				"right_hat": {
					"rotation": {
						"0.0": [0, 0, 0],
						"1.0": {
							"pre": [5, 0, 0],
							"post": [5, 0, 0],
							"lerp_mode": "catmullrom"
						},
						"2.0": [0, 0, 0]
					}
				},
				"right_tophat": {
					"rotation": {
						"0.0": [0, 0, 0],
						"1.0": {
							"pre": [5, 0, 0],
							"post": [5, 0, 0],
							"lerp_mode": "catmullrom"
						},
						"2.0": [0, 0, 0]
					}
				},
				"left_sleep": {
					"position": [0, 0, -1]
				},
				"right_sleep": {
					"position": [0, 0, -1]
				}
			}
		},
		"animation.vanilluxe.faint": {
			"loop": "hold_on_last_frame",
			"animation_length": 3,
			"bones": {
				"body": {
					"rotation": {
						"0.0": [7.5, 0, 0],
						"0.75": [0, 0, 0],
						"1.5": [-10, 0, 0],
						"2.0": [-1.25, 0, 0],
						"2.75": [18.5, 0, 0],
						"3.0": [29, 0, 0]
					},
					"position": {
						"0.0": [0, 0, 1],
						"0.75": [0, 2, -1],
						"1.5": [0, 1, 4],