{
	"format_version": "1.8.0",
	"animations": {
		"animation.vanillish.ground_idle": {
			"loop": true,
			"animation_length": 3,
			"bones": {
				"vanillish": {
					"position": {
						"0.0": [0, 0, 0],
						"0.75": {
							"pre": [-1, -0.5, 0],
							"post": [-1, -0.5, 0],
							"lerp_mode": "catmullrom"
						},
						"1.5": {
							"post": [0, 0, 0],
							"lerp_mode": "catmullrom"
						},
						"2.25": {
							"post": [1, -0.75, 0],
							"lerp_mode": "catmullrom"
						},
						"3.0": [0, 0, 0]
					}
				},
				"up_cone": {
					"rotation": {
						"0.0": [0, 0, 0],
						"1.0": [0, 0, 0.5],
						"2.0": [0, 0, -0.5],
						"3.0": [0, 0, 0]
					}
				},
				"cream_base": {
					"position": {
						"0.0": [0, 0, 0],
						"0.75": [-0.1, 0, 0],
						"1.5": [0, 0, 0],
						"2.25": [0.1, 0, 0],
						"3.0": [0, 0, 0]
					}
				},
				"right_spike": {
					"rotation": {
						"0.0": [0, 0, 0],
						"1.0": [2.49762, 0.10901, -2.49762],
						"2.0": [7.49762, 0.10901, -2.49762],
						"3.0": [0, 0, 0]
					}
				},
				"left_spike": {
					"rotation": {
						"0.0": [0, 0, 0],
						"1.0": [2.49762, -0.10901, 2.49762],
						"2.0": [7.49762, -0.10901, 2.49762],
						"3.0": [0, 0, 0]
					}
				},
				"hat": {
					"rotation": {
						"0.0": [0, 0, 0],
						"0.5417": [1.88264, 0, -1.77217],
						"0.7083": [2.43229, 0, -2.58104],
						"0.75": [2.5, 0, -2.88281],
						"0.7917": [2.35025, 0, -3.18412],
						"0.8333": [1.90391, 0, -3.27642],
						"0.9167": [0.59609, 0, -3.12906],
						"0.9583": [0.14975, 0, -3.03701],
						"1.0": {
							"pre": [0, 0, -3],
							"post": [0, 0, -3],
							"lerp_mode": "catmullrom"
						},
						"1.75": [2.44141, 0, 1.98944],
						"1.7917": [2.29517, 0, 2.04997],
						"1.8333": [1.85929, 0, 2.23039],
						"1.9167": [0.58212, 0, 2.75905],
						"1.9583": [0.14624, 0, 2.93947],
						"2.0": [0, 0, 3],
						"2.5417": [0, 0, 1.36115],
						"2.9583": [0, 0, 0.06553],
						"3.0": [0, 0, 0]
					},
					"position": [0, 0, 0]
				}
			}
		},
		"animation.vanillish.ground_walk": {
			"loop": true,
			"animation_length": 2,
			"bones": {
				"body": {
					"rotation": {
						"0.0": [0, 0, 0],
						"1.0": {
							"pre": [1.5, 0, 0],
							"post": [1.5, 0, 0],
							"lerp_mode": "catmullrom"
						},
						"2.0": [0, 0, 0]
					}
				},
				"lower_cone": {
					"rotation": {
						"0.0": [2.5, 0, 0],
						"1.0": {
							"pre": [7, 0, 0],
							"post": [7, 0, 0],
							"lerp_mode": "catmullrom"
						},
						"2.0": [2.5, 0, 0]
					}
				},
				"right_spike": {
					"rotation": {
						"0.0": [0, 12.5, 0],
						"0.5": {
							"pre": [5.71147, 10.37487, 10.80451],
							"post": [5.71147, 10.37487, 10.80451],
							"lerp_mode": "catmullrom"
						},
						"1.0": {
							"post": [7.61435, 9.91358, 1.31845],
							"lerp_mode": "catmullrom"
						},
						"1.5": {
							"post": [2.55771, 11.57817, -5.70314],
							"lerp_mode": "catmullrom"
						},
						"2.0": [0, 12.5, 0]
					}
				},
				"left_spike": {
					"rotation": {
						"0.0": [0, 0, 0],
						"0.5": [4.22466, -4.6064, -5.66437],
						"1.0": {
							"pre": [7.61435, -9.91358, -1.31845],
							"post": [7.61435, -9.91358, -1.31845],
							"lerp_mode": "catmullrom"
						},
						"1.5": {
							"post": [3.30452, -5.30862, 4.97721],
							"lerp_mode": "catmullrom"
						},
						"2.0": [0, 0, 0]
					}
				},
				"heed": {
					"position": {
						"0.0": [0, 0, 0],
						"1.0": [0, 0, -0.25],
						"2.0": [0, 0, 0]
					}
				},
				"hat": {
					"rotation": {
						"0.0": [-2.5, 0, 0],
						"0.75": [-2.75, 0, 0],
						"1.0": {
							"pre": [-4.5, 0, 0],
							"post": [-4.5, 0, 0],
							"lerp_mode": "catmullrom"
						},
						"1.4583": [-4, 0, 0],
						"2.0": [-2.5, 0, 0]
					},
					"position": [0, 0, 0]
				},
				"top_hat": {
					"rotation": {
						"0.0": [0, 0, -5],
						"1.0": {
							"pre": [-12.5, 0, -10],
							"post": [-12.5, 0, -10],
							"lerp_mode": "catmullrom"
						},
						"2.0": [0, 0, -5]
					}
				}
			}
		},
		"animation.vanillish.sleep": {
			"loop": true,
			"animation_length": 2,
			"bones": {
				"left_stalagmite": {
					"rotation": {
						"0.0": [0, 0, 0],
						"1.0": [0, 0, 5],
						"2.0": [0, 0, 0]
					}
				},
				"right_stalagmite": {
					"rotation": {
						"0.0": [0, 0, 0],
						"1.0": [0, 0, -5],
						"2.0": [0, 0, 0]
					}
				},
				"lower_cone": {
					"rotation": {
						"0.0": [-2.5, 0, 0],
						"0.75": [-2.49762, -0.10901, -2.49762],
						"1.5": [-2.49762, 0.10901, 2.49762],
						"2.0": [-2.5, 0, 0]
					}
				},
				"cream_base": {
					"position": {
						"0.0": [0, 0, 0],
						"1.5": [0, 0, -0.5],
						"2.0": [0, 0, 0]
					}
				},
				"right_spike": {
					"rotation": {
						"0.0": [5, 0, 0],
						"1.0": [15.0547, -4.82922, 1.29717],
						"2.0": [5, 0, 0]
					}
				},
				"left_spike": {
					"rotation": {
						"0.0": [5, 0, 0],
						"1.0": [15.0547, 4.82922, 1.29717],
						"2.0": [5, 0, 0]
					}
				},
				"heed": {
					"rotation": {
						"0.0": [5, 0, 0],
						"1.0": [7.5, 0, 0],
						"1.5": {
							"pre": [10, 0, 0],
							"post": [10, 0, 0],
							"lerp_mode": "catmullrom"
						},
						"2.0": [5, 0, 0]
					}
				},
				"right_eyelid_blink": {
					"position": [0, 0, -2]
				},
				"left_eyelid_blink": {
					"position": [0, 0, -2]
				},
				"hat": {
					"position": [0, 0, 0]
				}
			}
		},
		"animation.vanillish.faint": {
			"loop": "hold_on_last_frame",
			"animation_length": 3,
			"bones": {
				"vanillish": {
					"rotation": {
						"0.0": [0, 0, 0],
						"0.5": [2.47864, -0.32621, 7.49294],
						"1.0": [5, 0, 0],
						"1.25": [4.98107, 0.43523, -4.98107],
						"2.0": [15, 0, 0],
						"2.5": [32.5, 0, 0],
						"2.75": [47.5, 0, 3],
						"3.0": [37.5, 0, 3]
					},
					"position": {
						"0.0": [0, 0, 0],
						"0.5": [1, 0, 0],
						"1.25": [-1, 0, 0],
						"1.5": [0, 0, 0],
						"2.0": [0, -2, -2],
						"2.5": [0, -3, -2],
						"3.0": [0, -4, -2]
					}
				},
				"left_stalagmite": {
					"rotation": {
						"0.0": [0, 0, 0],
						"0.5": [0, 0, -2.5]
					}
				},
				"right_stalagmite": {
					"rotation": {
						"0.0": [0, 0, 0],
						"0.5": [0, 0, -5]
					}
				},
				"lower_cone": {
					"rotation": [-2.5, 0, 0]
				},
				"cream_base": {
					"rotation": {
						"0.0": [0, 0, 0],
						"0.5": {
							"pre": [0, 0, 3.06],
							"post": [0, 0, 3.06],
							"lerp_mode": "catmullrom"
						},
						"1.25": {
							"post": [0, 0, -2.18],
							"lerp_mode": "catmullrom"
						},
						"2.25": {
							"post": [0, 0, 2.5],
							"lerp_mode": "catmullrom"
						},
						"3.0": [0, 0, -2.5]
					},
					"position": {
						"0.0": [0, 0, 0],
						"0.5": {
							"pre": [0.5, 0, 0],
							"post": [0.5, 0, 0],
							"lerp_mode": "catmullrom"
						},
						"1.25": {
							"post": [-0.25, 0, 0],
							"lerp_mode": "catmullrom"
						},
						"1.75": [0, 0, -0.5],
						"2.75": [0, 0, -1],
						"3.0": [0, 0, -1.5]
					}
				},
				"right_spike": {
					"rotation": {
						"0.0": [0, 0, -5],
						"0.5": [0, 0, 5],
						"1.25": [0, 0, -5],
						"1.75": [10, 0, -5]
					}
				},
				"left_spike": {
					"rotation": {
						"0.0": [0, 0, 10],
						"0.5": [0, 0, 22.5],
						"1.25": [0, 0, 7.5],
						"1.75": [10, 0, 7.5]
					}
				},
				"sad_mouth": {
					"position": [0, 0, -1]
				},
				"hat": {
					"rotation": {
						"0.0": [0, 0, 0],
						"0.5": [0, 0, 5],
						"1.25": [0, 0, -10],
						"1.5": [5, 0, 0],
						"2.0": [7.5, 0, 0],
						"2.5": [15, 0, 0],
						"2.8333": [5, 0, 0],
						"3.0": [5, 0, 0]
					},
					"position": [0, 0, 0]
				},
				"top_hat": {
					"rotation": {
						"0.0": [0, 0, 0],
						"0.5": [0, 0, 10],
						"1.0": [0, 0, -2.5],
						"2.0": [4.98107, -0.43523, 2.48107],
						"2.5": [12.5, 0, -2.5],
						"2.7083": [12.5, 0, -2.5],
						"2.8333": [2.5, 0, -2.5],
						"3.0": [12.5, 0, -2.5]
					}
				}
			}
		},